PRINCIPIO ATTIVO:,FOTOSENSIBILE,NECESSITÃ€ DI CVC,NOTES/CONCENTRAZIONI,NOTO RISCHIO FLEBITE,ABICIXIMAB,ACETILCISTEINA,ACICLOVIR,ACIDO ASCORBICO,ACIDO ETACRINICO,ACIDO FOLICO,ACIDO TRANEXAMICO,ADRENALINA,ALBUMINA UMANA,ALOPERIDOLO,ALTEPLASE,AMFOTERICINA B,AMIKACINA SOLFATO,AMINOFILLINA,AMIODARONE CLORIDRATO,AMOXICILLINA,AMOXICILLINA/ACIDO CLAVULANICO,AMPICILLINA,AMPICILLINA/SULBACTAM,ANIDULAFUNGINA,ANTITROMBINA III UMANA,ARGATROBAN ANIDRO,ATENOLOLO,ATRACURIUM,ATROPINA,AZITROMICINA,AZTREONAM,BETAMETASONE,CALCIO CLORORO,CALCIO GLUCONATO,CASPOFUNGIN,CEFAZOLINA SODICA,CEFEPIME DICLORIDRATO,CEFOXITINA SODICA,CEFTAZIDIMA PENTAIDRATO,CEFTIZIXIMA SODICA,CEFTRIAXONE DISODICO,CIANOCOBALAMINA,CICLOFOSFAMIDE,CICLOSPORINA,CIPROFLOXACINA,CISATRACURIO BESILATO,CLARITROMICINA,CLINDAMICINA FOSFATO,CLONIDINA,CLORFENAMINA MALEATO,COLISTINA SOLFATO,COMPLESSO VITAMINICO,DAPTOMICINA,DESAMETASONE FOSFATO DISODICO,DEXMEDETOMIDINA,DIAZEPAM,DICLOFENAC,DIGOSSINA,DILTIAZEM CLORIDRATO,DOBUTAMINA,DOPAMINA,DROTRECOGIN ALFA ATTIVATO,EPARINA SODICA,EPOPROSTENOLO SODICO,ERITROMICINA,ESMOLOLO,FENITOINA SODICA,FENOBARBITAL,FENOLDOPAM MESILATO,FENTANIL CITRATO,FISOSTIGMINA SALICILATO,FITOMENADIONE (VIT. K),FLUCONAZOLO,FLUMAZENIL,FOSCARNET SODICO,FUROSEMIDE,GANCICLOVIR,GENTAMICINA SOLFATO,IDROCORTISONE EMIS. SODICO,IDROXIZINA DICLORIDRATO,IMIPENEM/CILASTATINA,INSULINA UMANA,ISOPRENALINA CLORIDRATO,KETAMINA,KETOROLAC TROMETAMINA,LABETALOLO CLORIDRATO,LEVOFLOXACINA,LIDOCAINA CLORIDRATO,LINEZOLID,LORAZEPAM,MAGNESIO SOLFATO,MEROPENEM,METILPREDNISOLONE,METOCLOPRAMIDE CLORIDRATO,METOPROLOLO TARTRATO,METRONIDAZOLO,MIDAZOLAM,MORFINA CLORIDRATO,NALOXONE CLORIDRATO,NEOSTIGMINA METILSOLFATO,NIMODIPINA,NITROGLICERINA,NORADRENALINA TARTRATO,Na NITROPRUSSIATO ANIDRO,OCTREOTIDE,OMEPRAZOLO,ONDANSETRONE CLORIDRATO,OXACILLINA,PANCURONIO BROMURO,PANTOPRAZOLO SODICO,PENICILLINA G POTASSICA,PENTOXIFILLINA,PIPERACILLINA /TAZOBACTAM,PIPERACILLINA SODICA,POTASSIO CLORURO,PROPOFOL,PROTAMINA CLORIDRATO,RANITIDINA CLORIDRATO,REMIFENTANIL CLORIDRATO,RIFAMPICINA,ROCURONIO BROMURO,SALBUTAMOLO,SODIO BICARBONATO,"SODIO CLORURO 0,9%",SODIO VALPROATO,SUCCINILCOLINA,SUFENTANIL,TICARCILLINA/ACIDO CLAVULANICO,TIGECICLINA,TIOPENTAL SODICO,TOBRAMICINA,TRAMADOLO CLORIDRATO,TRIMETOPRIM/SULFAMETOXAZOLO,UROCHINASI,VANCOMICINA CLORIDRATO,VASOPRESSINA,VERAPAMIL CLORIDRATO,VORICONAZOLO
ABICIXIMAB,,,,,null,I,,I,I,I,I,I,I,I,I,I,I,I,I,I,I,I,I,I,I,I,I,I,I,I,I,I,I,I,I,I,I,I,I,I,I,I,I,I,I,I,I,I,I,I,I,I,I,I,,I,I,I,I,I,I,I,I,I,I,I,I,I,I,I,I,I,I,I,I,I,I,I,I,I,I,I,I,I,I,I,I,I,I,I,I,I,I,I,I,I,I,I,I,I,I,I,I,I,I,I,I,I,I,I,I,I,I,I,I,I,I,I,I,I,I,I,I,I,I,I,I,I,I,I,I,I,I,I,I,I,I,I
ACETILCISTEINA,,,,,I,null,,,,,,C,,,,,C,C,C,,,,,,,C,,C,,I,,,C,C,I,,I,,I,,,,,,,C,,,C,,,,,,,,,,C,C,C,,C,I,I,C,,,,C,,,,,,C,,I,,,,,,C,,C,,C,,C,C,,,,C,,C,,,,,!,C,!,C,C,,,,C,,,I,,!,I,,,C,,C,,C,,,,,,,I,,,,,I,C,C,I
ACICLOVIR,,CVC+C,">= 10 mg/m , >= 25 ",,,,null,,,,,I,I,I,,Y,Y,C,,,,Y,I,Y,I,C,,C,,I,I,,C,C,I,Y,I,Y,Y,Y,!,,,I,I,I,,Y,,,,Y,,Y,,I,,C,I,I,I,,Y,I,Y,I,I,,I,C,,,C,,I,C,,I,Y,,Y,C,,I,I,I,I,I,Y,Y,Y,I,Y,I,C,Y,I,!,C,,,C,,I,C,,I,Y,C,!,Y,,I,Y,Y,Y,,Y,Y,,C,I,Y,!,,C,C,Y,C,C,Y,,Y,,Y,C,I,I
ACIDO ASCORBICO,,,,,I,,,null,Y,,,Y,,,,,C,Y,,,,Y,,,,I,,,Y,I,,Y,,,I,Y,,C,,,,C,,,,,,C,,,C,,,C,,I,,Y,,,Y,,C,I,Y,,I,,,Y,Y,,,,,Y,,Y,C,,,,C,,,,,C,,,Y,,!,C,,,,Y,,Y,,,C,,,,,Y,,,!,,,,C,!,,,,,,,,,,Y,,,,I,,,,,C,,C,I
ACIDO ETACRINICO,,,,,I,,,Y,null,,,,I,,,,,,,,,,,,I,I,,,,I,,,,,I,,,,,,,,,,,,,,,,,,,,,,,,,,,,Y,I,,,,,,,,,,,,,,,Y,,,,,,,,,,,,,,,,,,,,,,,,,,,,,,,,,,,,Y,I,,I,,,,,,C,,,,,,,,,,,,,,I
ACIDO FOLICO,,,,,I,,,,,null,,I,,,,,,Y,I,,,,,,,I,,,,I,,,I,I,I,,,,,,,,,,I,,,,,,,,,,,,,Y,,I,I,,I,I,I,,,,,Y,,,,,,I,,I,,,,C,,,,,,Y,,,I,,C,,,,,Y,,,,I,,,,,,,,,,,,,C,I,,C,,,,,,C,,,,,,,,,,,,,I,I
ACIDO TRANEXAMICO,,,,,I, ,,,,,null,,,,,,,,,I,I,I,I,,,I,,,,I,,,,,I,,,,,,,,,,,,,,,,,,,,,,,,,,,,C,I,,,,,,,,,,,,,,,,,,,,,,,,,,,,,,,,,,,,,,,,,,,,I,,,I,,I,I,,I,,,,,,,,C,,,,,,,,,,,,,,I
ADRENALINA,SI + C,CVC,,O,I,C,I,Y,,I,,null,,I,,C,C,I,C,,,I,I,Y,,C,,Y,Y,I,,,C,C,C,C,,,,Y,Y,,,C,Y,C,,C,Y,,,Y,,C,,I,,Y,Y,C,Y,!,C,I,C,Y,I,,Y,C,Y,Y,Y,,,C,I,C,Y,,Y,I,Y,C,C,C,Y,C,C,C,Y,,C,C,Y,Y,Y,Y,Y,,,Y,Y,C,C,I,C,C,Y,!,,,C,C,Y,!,,C,Y,,C,,I,C,,Y,C,,Y,I,,,I,,Y,Y,C,I
ALBUMINA UMANA,SI + C,,,,I,,I,,I,,,,null,,,,,,,,,,,,,I,,,,I,,,,,I,,,,,,,,,,,,,,,,,,,,,,,,Y,C,C,I,,I,,,,,,,,,,,,Y,,,,,,,,C,,,,,,Y,,,,,,,I,,,,Y,,,,,,,,,,,,,,Y,I,,,,,,,,C,,,,,,,,,,,I,,I,I
ALOPERIDOLO,SI + C,,,,I,,I,,,,,I,,null,,C,I,I,C,,,I,I,,,C,,I,I,I,Y,,I,I,C,I,I,,I,,I,,,I,,Y,,I,C,,,,,I,,I,,I,C,I,I,,I,I,I,I,I,,C,I,,,I,,I,I,I,I,I,I,,I,,C,I,I,C,I,Y,Y,I,,I,I,I,C,!,!,I,,,I,I,!,C,,I,I,C,I,,,I,I,I,Y,,I,Y,,C,,I,!,,I,I,,C,,,,I,,I,I,I,I
ALTEPLASE,SI+C,,,,I,,,,,,,,,,null,,,,,,,,,,,I,,,,I,,,,,I,,,,,,,,,,,,,,,,,,,,,,,,,I,I,,I,I,,,,,,,,,,,,,,,,,,,,,,,,C,,,,,,,Y,,,I,,,,I,,,,,,,,,,,,,,I,,,,,,,,C,,,,,,,,,,,,,,I
AMFOTERICINA B,SI + C + S,CVC+C,>= 0.4mg/ml ,,I,,Y,,,,,C,,C,,null,I,Y,Y,I,I,I,I,I,,C,I,,I,C,I,,I,I,I,C,I,Y,I,!,C,,I,I,I,I,,Y,,,,,,Y,I,I,,I,I,I,I,,C,I,I,C,I,I,C,Y,,,I,,I,Y,Y,I,Y,I,I,,I,,C,I,I,!,C,I,I,I,Y,I,C,I,I,I,I,,,Y,,C,C,,I,,C,,I,,C,C,C,I,,C,I,,I,,I,I,,,Y,I,C,C,I,,Y,,I,C,I,I
AMIKACINA SOLFATO,,,,,I,C,Y,C,,,,C,,I,,I,null,C,Y,,I,I,I,C,,,,C,Y,I,Y,,C,C,C,C,C,!,!,!,!,,Y,Y,C,Y,,C,,C,C,Y,,Y,,I,,Y,Y,Y,Y,,I,I,C,Y,I,C,C,Y,C,C,C,,Y,C,I,Y,C,,I,I,Y,C,C,Y,Y,Y,Y,Y,Y,I,C,C,Y,C,Y,Y,Y,,,Y,C,Y,C,,Y,I,C,!,!,,!,!,C,I,,C,Y,,C,I,C,C,,C,Y,I,C,I,,,I,,C,Y,C,I
AMINOFILLINA,,CVC,,O,I,C,C,Y,,Y,,I,,I,,Y,C,null,I,,,!,I,Y,,C,,I,Y,I,Y,,C,C,C,Y,I,!,Y,Y,C,,,Y,I,I,I,!,C,,,C,,C,,I,,C,I,I,C,,C,I,C,C,I,C,I,Y,,,Y,C,Y,C,I,C,Y,I,,C,I,I,C,Y,Y,C,Y,Y,I,C,C,C,C,C,I,Y,C,,,C,I,C,C,,I,C,Y,C,I,,Y,Y,C,I,,C,Y,,C,,C,C,,C,C,,C,I,,,I,,I,C,I,I
AMIODARONE CLORIDRATO,SI + C,CVC+C,>= 2mg/ml  ,O,I,C,,,,I,,C,,C,,Y,Y,I,null,,I,,I,,,I,,C,Y,I,,,C,C,C,I,,I,I,!,Y,,,,Y,C,Y,Y,,,,,,,!,,,I,Y,C,Y,I,I,I,Y,C,,,C,C,,,Y,,,I,,Y,,,I,I,Y,C,,C,I,C,C,C,I,,Y,,C,Y,Y,Y,,,C,Y,Y,I,C,,,,C,I,Y,,I,I,C,I,,Y,,,C,,I,I,,,,,I,I,Y,,,,Y,Y,C,I
AMOXICILLINA,,,,,I,,,,,,I,,,,,I,,,,null,,,,,,I,,,,I,,,,,I,,,,,,,,,,,,,,,,,,,,,,,,,,,,,I,,,,,,,,,,,,,,,,,,,,,,,,,,,,,,,,,,,,,,,,,,,,,,,,,,,,I,I,,,,I,,,C,,,,,,,,,,,,,,I
AMOXICILLINA/ACIDO CLAVULANICO,,,,,I,,,,,,I,,,,,I,I,,I,,null,,,,,I,,,,I,,,,,I,,,,,,,,,,I,,Y,,,,,,,I,,,,,,,,,,I,,,,,,,,,,,,,,I,I,,,,,,,,,,,C,,I,,,,I,I,,,,,,,,,,,,,C,,,,,Y,I,I,,,,I,,I,C,,,,,,,,,,,C,,,I
AMPICILLINA,,,,,I,,Y,Y,,,I,I,,I,,I,I,!,,,,null,I,Y,,C,,I,I,I,Y,,I,I,I,I,I,I,I,I,I,,Y,I,I,I,Y,I,,,C,I,,I,,I,,I,I,I,I,,!,I,I,I,I,,I,I,Y,Y,I,,Y,I,I,I,I,,,I,,I,I,I,Y,I,Y,I,I,,,I,I,C,I,Y,I,,,I,I,I,C,,I,C,C,C,,,,I,I,Y,I,I,Y,,C,I,I,C,,I,I,,C,I,,,I,,I,I,I,I
AMPICILLINA/SULBACTAM,,,,,I,,I,,,,I,I,,I,,I,I,I,I,,,I,null,Y,,C,,I,I,I,C,,I,I,I,I,Y,I,I,I,I,,,I,I,I,,I,,,,I,,I,,I,,I,I,I,I,I,!,I,I,I,I,,C,I,,,!,,,I,I,I,I,,,!,,,I,I,C,I,Y,I,I,,I,I,I,C,I,Y,I,,,I,I,I,C,,I,I,C,C,,,,I,I,I,I,I,Y,,C,,I,C,,I,I,,C,,I,,I,,!,I,I,I
ANIDULAFUNGINA,,,,,I,,Y,,,,,Y,,,,I,C,Y,,,,Y,Y,null,,I,,,,I,,,,,I,Y,Y,Y,Y,Y,!,,,Y,Y,,,Y,,,,,,Y,,,,Y,,,,,,I,,,,,,,,,,,,I,,,,,,,,,,,,,,,,,,,,Y,,,,,,,,,,,,,,,,,,,,I,,Y,,,,,,C,,,,,,,,,,,Y,,,I
ANTITROMBINA III UMANA,,,,,I,,I,,I,,,,,,,,,,,,,,,,null,I,,,,I,,,,,I,,,,,,,,,,,,,,,,,,,,,,,,,,,,,I,,,,,,,,,,,,,,,,,,,,,,,,,,,,,,,,,,,,,,,,,,,,,,,,,,,,I,,,,,,,,,,,,,,,,,,,,,,I
ARGATROBAN ANIDRO,SI + C,,,,I,C,C,I,I,I,I,C,I,C,I,C,,C,I,I,I,C,C,I,I,null,I,C,Y,C,I,I,C,C,C,C,I,I,C,I,I,I,I,C,C,C,I,C,I,I,I,I,I,C,,I,I,C,Y,Y,Y,I,I,I,C,C,I,I,C,Y,I,I,C,I,I,Y,C,C,Y,I,I,C,I,C,C,C,C,Y,C,C,C,C,C,C,Y,C,Y,Y,C,I,I,Y,Y,Y,C,I,C,I,C,C,I,I,C,I,C,I,I,C,C,I,C,I,C,C,I,C,C,I,C,C,I,I,C,I,C,C,Y,I
ATENOLOLO,,,,,I,,,,,,,,,,,I,,,,,,,,,,I,null,,,I,,,,,I,,,,,,,,,,,,,,,,,,,,,,,,,,,,,I,,,,,,,,,,,,,,,,,,,,,,,,,,,,Y,,,,,,Y,,,,,,,,,,,,,,,,,,I,,,,,,,,,,,,,,,,,,,,,,I
ATRACURIUM,,,,,I,C,C,,,,,Y,,I,,,C,I,C,,,I,I,,,C,,null,C,I,,,C,C,I,Y,,,I,,,,,C,,,Y,C,,,,C,,C,C,I,,Y,C,C,C,,I,I,,C,I,,C,C,,,C,,,I,I,C,Y,,,I,C,,C,C,C,C,C,Y,C,,C,C,C,C,C,C,C,,,Y,C,I,C,,C,C,,I,,,,C,C,I,,Y,,,,,I,C,,C,C,,C,I,,,I,,C,C,Y,I
ATROPINA,SI + C,,,,I,,,Y,,,,Y,,I,,I,Y,Y,Y,,,I,I,,,Y,,C,null,I,,C,Y,C,I,C,,,C,,,,,C,,,,C,,,,C,,,C,I,,Y,,C,Y,,C,I,C,Y,I,,C,C,,,C,,,C,C,C,Y,C,,Y,Y,C,C,C,,Y,,,Y,C,C,C,Y,,C,C,C,,,C,C,Y,,,C,C,,I,,,,C,Y,Y,,C,,,,,C,C,,Y,C,,,I,,,I,,C,Y,C,I
AZITROMICINA,SI + C,,,,I,I,I,I,I,I,I,I,I,I,I,C,I,I,I,I,I,I,I,I,I,C,I,I,I,null,I,I,I,I,I,I,I,I,I,I,I,I,I,I,I,I,I,I,I,I,I,I,I,I,,I,I,I,I,I,I,I,I,I,I,I,I,I,C,I,I,I,I,I,I,I,I,I,I,I,I,I,I,I,I,I,I,I,I,I,I,I,I,I,I,I,I,I,I,I,I,I,I,I,C,I,C,I,I,C,I,I,I,I,I,I,I,I,I,I,C,I,I,C,I,I,I,I,C,I,I,I,I,I,I,C,I,I
AZTREONAM,,,,,I,,I,,,,,,,Y,,I,Y,Y,,,,Y,C,,,I,,,,I,null,,,Y,I,C,Y,Y,Y,Y,Y,,Y,,C,Y,,C,,,,,,Y,,,,,Y,Y,Y,,Y,I,,,,,,,,,Y,,Y,Y,I,C,Y,Y,Y,Y,,,,,,,C,I,Y,,Y,Y,,I,,Y,,,,,,,,,Y,,,,,,Y,Y,Y,Y,,Y,Y,,,,Y,C,,,,Y,,,C,,Y,,!,,Y,I
BETAMETASONE,,,,,I,,,Y,,,,,,,,,,,,,,,,,,I,,,C,I,,null,,,I,,,,,,,,,,,,,,,,,,,,,,,,,,,,Y,I,,,,,,,,,,,,,,,Y,,,,,,,,,,,,,,,,,,,,,,,,,,,,,,,,,,,,Y,I,,,,,,,,,,,,,,,,,,,,,,I
CALCIO CLORORO,,CVC,,O,I,C,C,,,I,,C,,I,,I,C,C,C,,,I,I,,,C,,C,Y,I,,,null,C,C,I,Y,,I,,I,,,C,Y,C,,I,,,,Y,,I,,I,,Y,Y,I,C,,I,I,C,C,I,C,C,Y,,,C,,I,C,I,C,!,,I,Y,C,,I,Y,,C,C,C,I,,I,C,I,C,Y,Y,Y,,,C,I,I,C,,C,I,C,I,C,,Y,Y,C,I,,C,,,C,,I,C,,Y,Y,,C,I,,,C,,Y,Y,C,I
CALCIO GLUCONATO,,CVC+C,>= 19mg/ml ,O,I,C,C,,,I,,C,,I,,I,C,C,C,,,I,I,,,C,,C,C,I,Y,,C,null,C,I,Y,,C,,I,,,C,Y,C,,!,,,,Y,,I,,I,,Y,C,I,Y,,!,I,C,Y,I,C,C,I,,,I,,I,C,C,C,I,,I,Y,Y,C,,C,C,C,Y,C,C,I,I,C,I,Y,Y,Y,Y,,,C,I,Y,C,,C,I,C,Y,C,,Y,Y,C,!,,C,Y,,C,,I,C,,C,I,,C,I,C,,I,,C,Y,C,I
CASPOFUNGIN,,CVC+C,>= 5mg/ml ,,I,I,I,I,I,I,I,C,I,C,I,I,C,C,C,I,I,I,I,I,I,C,I,I,I,I,I,I,C,C,null,I,I,I,I,I,I,I,I,C,I,C,I,I,I,I,I,I,I,I,,I,I,I,Y,C,C,I,I,I,C,C,I,I,C,C,I,I,C,I,I,I,C,C,C,I,I,C,I,I,I,C,C,I,C,I,C,C,I,C,C,I,C,I,C,I,I,C,C,I,C,I,C,I,I,I,I,I,I,I,C,I,I,I,C,I,C,I,I,C,I,C,C,I,C,C,I,I,I,I,C,C,C,I
CEFAZOLINA SODICA,SI + C,CVC+C,>= 13mg/ml ,,I,,Y,Y,,,,C,,I,,C,C,Y,I,,,I,I,Y,,C,,Y,C,I,C,,I,I,I,null,,,C,,,,Y,C,I,I,,C,,,I,Y,,C,,I,,Y,Y,I,I,,C,I,I,Y,I,,C,C,,,C,,Y,C,I,C,C,,,Y,,C,C,I,I,!,C,C,I,,C,!,C,C,Y,Y,C,,,C,C,C,C,,Y,C,Y,!,,,,C,C,!,I,Y,Y,,I,,C,C,,C,C,,C,,,,I,,I,C,C,I
CEFEPIME DICLORIDRATO,SI + C,,,,I,I,I,,,,,,,I,,I,C,I,,,,I,Y,Y,,I,,,,I,Y,,Y,Y,I,,null,,,,,,Y,,I,,C,C,,,,,,Y,,I,,,I,I,I,,C,I,I,,I,,Y,,,,Y,,,Y,I,C,Y,I,Y,Y,,Y,,,C,,C,Y,I,,Y,I,,Y,I,I,,,,,,,C,,I,,C,I,,,Y,Y,C,I,I,Y,Y,,C,,C,C,Y,,Y,Y,Y,,I,,Y,,I,C,,I
CEFOXITINA SODICA,,,,,I,,Y,C,,,,,,,,Y,!,!,I,,,I,I,Y,,I,,,,I,Y,,,,I,,,null,,,,,,Y,,!,,C,,,,C,,,,,,Y,Y,,,,C,I,,,,,,,,,Y,,Y,,,C,,,,,,,,,,,Y,,Y,,,,,C,,Y,,,,,,,,,Y,,,,,,,,,Y,I,Y,Y,,,,C,C,,,,,,,C,,,,!,,C,I
CEFTAZIDIMA PENTAIDRATO,SI + C,,,,I,I,Y,,,,,,,I,,I,!,Y,I,,,I,I,Y,,C,,I,C,I,Y,,I,C,I,C,,,null,,C,,,C,!,I,I,C,,,,C,,C,,I,,Y,Y,I,C,I,Y,I,I,Y,I,,C,C,,,I,,Y,Y,I,!,C,,,Y,,C,C,Y,C,C,C,C,C,,C,C,C,C,I,Y,C,,,C,C,I,C,,I,C,C,!,,,,C,C,I,I,Y,Y,,C,,!,C,Y,C,C,,C,,I,,I,,I,C,I,I
CEFTIZIXIMA SODICA,,,,,I,,Y,,,,,Y,,,,!,!,Y,!,,,I,I,Y,,I,,,,I,Y,,,,I,,,,,null,,,,,,!,,C,,,,,,,,,,Y,,,,,,I,,Y,,,,,,,,,Y,,,,,,,,,,,Y,,,Y,,,,,,,C,,Y,,,,,,,,,Y,,,,,,,,,Y,I,Y,Y,,,,C,C,,,,,,,,,,,!,,Y,I
CEFTRIAXONE DISODICO,SI + C,,,,I,,!,,,,,Y,,I,,C,!,C,Y,,,I,I,!,,I,,,,I,Y,,I,I,I,,,,C,,null,,,,,Y,,I,,,,Y,Y,,,,,Y,Y,I,Y,Y,Y,I,,Y,,,Y,Y,,,I,,Y,Y,,I,,,I,Y,Y,,,I,,!,!,,I,I,,,Y,!,Y,Y,Y,,,Y,Y,Y,,,,,,Y,,,,,Y,Y,I,Y,Y,,,,Y,C,,,Y,,,,,,,,!,Y,Y,I
CIANOCOBALAMINA,,,,,I,,,C,,,,,,,,,,,,,,,,,,I,,,,I,,,,,I,,,,,,,null,,,,,,,,,,,,,,,,Y,,,,,Y,I,,,,,,,,I,,,,,,,Y,,,,,,,,,,,,,,,,,,,,,,,,,,,,,,,,,,,,Y,I,,,,,,,,C,,,,,,,,,,,,,Y,I
CICLOFOSFAMIDE,,,,,I,,,,,,,,,,,I,Y,,,,,Y,,,,I,,,,I,Y,,,,I,Y,Y,,,,,,null,,,,,Y,,,,,,Y,,,,,,,,,C,I,Y,,,,,,,,,,,C,Y,Y,,C,,,,,,,,,Y,Y,,,Y,C,,Y,,Y,,,,,,,,,Y,Y,,,Y,,Y,Y,,Y,,Y,,,,,Y,C,,,,Y,,,Y,,Y,,Y,,,I
CICLOSPORINA,SI + C,,,,I,,I,,,,,C,,I,,I,Y,Y,,,,I,I,Y,,C,,C,C,I,,,C,C,C,C,,Y,C,,,,,null,C,,,C,,,,C,,C,,I,,Y,C,C,C,I,C,I,C,C,I,,C,C,,,C,,,C,C,C,C,,,I,,I,C,C,C,C,Y,C,I,C,C,C,C,C,C,,C,,,C,C,C,C,,C,C,C,!,,,C,C,C,Y,,C,,,,I,C,C,,C,C,,C,,,,I,,C,C,Y,I
CIPROFLOXACINA,SI + C,CVV,,O,I,,I,,,I,,Y,,,,I,C,I,Y,,I,I,I,Y,,C,,,,I,C,,Y,Y,I,I,I,,!,,,,,C,null,Y,Y,I,,,,C,,I,,,,Y,Y,Y,Y,I,I,I,Y,,I,,C,Y,,,C,,,I,,C,I,Y,,Y,,,,,,Y,Y,Y,I,,I,Y,,I,Y,Y,,,,Y,,,C,,C,,C,I,,,!,!,C,I,,C,Y,,C,I,C,,,,,,C,,C,,,,I,Y,Y,I
CISATRACURIO BESILATO,SI + C,,,,I,C,I,,,,,C,,Y,,I,Y,I,C,,,I,I,,,C,,,,I,Y,,C,C,C,I,,!,I,!,Y,,,,Y,null,,Y,,,,,,Y,,I,,Y,Y,Y,Y,Y,I,I,,Y,,,C,C,,,Y,,,I,I,C,Y,,Y,C,Y,C,!,C,C,Y,Y,C,C,,I,Y,C,Y,Y,Y,,,,Y,Y,I,C,,Y,,,I,,,I,I,Y,I,,Y,C,,,,I,,,,Y,Y,C,I,Y,,I,,Y,C,C,I
CLARITROMICINA,SI + C,CVC,,O,I,,,,,,,,,,,,,I,Y,,Y,Y,,,,I,,Y,,I,,,,,I,,C,,I,,,,,,Y,,null,,,,,,,,,,,,,Y,Y,,I,I,,,I,,,,,,,,,I,,Y,,,,,Y,,,,,Y,,,,,,C,,Y,,,,,,,,,,,,,,,,,,,Y,I,,Y,,,,,,C,,,,,,,,,,,Y,,Y,I
CLINDAMICINA FOSFATO,,,,,I,,Y,C,,,,C,,I,,Y,C,!,Y,,,I,I,Y,,C,,C,C,I,C,,I,!,I,C,C,C,C,C,I,,Y,C,I,Y,,null,,,,Y,,C,,I,,Y,Y,I,C,I,C,I,I,Y,I,I,Y,C,,,I,,Y,C,I,C,C,,,C,,C,C,!,Y,C,Y,C,!,,C,C,C,C,Y,C,,,,C,C,C,C,,Y,C,C,!,C,,Y,C,C,!,,C,C,,C,,C,C,,C,C,,C,I,!,,I,,C,C,C,I
CLONIDINA,SI + C,,,,I,C,,,,,,Y,,C,,,,C,,,,,,,,I,,,,I,,,,,I,,,,,,,,,,,,,,null,,,,,,,,,,,C,C,,C,I,,,,,,C,,,,,,,,,,,,,Y,Y,C,C,,C,,Y,C,,,,,,I,C,,,,C,C,,,,,,,,,,,,C,I,,,,,,,C,C,,,C,,,,,,,,,,Y,I
CLORFENAMINA MALEATO,,,,,I,,,,,,,,,,,,C,,,,,,,,,I,,,,I,,,,,I,,,,,,,,,,,,,,,null,,,,,,,,,,,,,,I,,,,,,,,,,,,,,,,,,,,,,,,,,,,,,,,,,,,,,,I,,,,,,,,,,,,,I,,,,,,,,,,,,,,,,,,,,,,I
COLISTINA SOLFATO,,,,,I,,,C,,,,,,,,,C,,,,,C,,,,I,,,,I,,,,,I,I,,,,,,,,,,,,,,,null,,,,,,,,,,,,C,I,I,,,C,,,,,,,,,,,I,,,,,,,,,,,,,,,,,,,,,,,,,,,,,,,,C,,,,,I,,C,,,,,,C,,,,,,,,,,,,,,I
COMPLESSO VITAMINICO,SI + C,CVC+C,se diuluito in NTP,,I,,Y,,,,,Y,,,,,Y,C,,,,I,I,,,I,,C,C,I,,,Y,Y,I,Y,,C,C,,Y,,,C,C,,,Y,,,,null,,C,,I,,Y,Y,Y,Y,,Y,I,Y,Y,,,,Y,,,Y,,,Y,I,Y,,,Y,I,C,C,C,Y,,Y,,,Y,I,C,C,Y,I,Y,Y,Y,,,I,C,Y,,,C,C,,,,,,C,Y,I,,Y,,,,,Y,C,,C,Y,,,,,,I,,Y,Y,C,I
DAPTOMICINA,,,,,I,,,,,,,,,,,,,,,,,,,,,I,,,,I,,,,,I,,,,,,Y,,,,,,,,,,,,null,,,,,,,,,,Y,I,,,,,,,,,,,,,,,,,,,,,,,Y,,,,,,,,,,,,,,,,,,,,,,,,,,,,,I,,,,,,,,C,,,,,,,,,,,,,,I
DESAMETASONE FOSFATO DISODICO,SI + C,,,,I,,Y,C,,,,C,,I,,Y,Y,C,,,I,I,I,Y,,C,,C,,I,Y,,I,I,I,C,Y,,C,,,,Y,C,I,Y,,C,,,,C,,null,,I,,Y,C,I,C,,Y,I,I,I,I,,I,C,,,Y,,Y,C,C,I,Y,,,C,,I,C,Y,Y,C,Y,Y,I,C,C,C,C,C,I,I,C,,,C,C,C,C,,C,C,C,I,,,Y,Y,Y,I,,C,Y,,I,,Y,C,,C,C,,C,,,,I,,!,C,C,I
DEXMEDETOMIDINA,,,,,,,,,,,,,,,,I,,,!,,,,,,,,,C,C,,,,,,,,,,,,,,,,,,,,,,,,,,null,I,,,,C,C,,,,,,,,,C,,,,,,,,,,,,,,,,,,,,,,,,,,,C,C,,,,,C,,,,,,C,,,,,,,,,,,,C,,,C,,C,,,,C,,,,,,,,
DIAZEPAM,SI + C,,,,I,,I,I,,,,I,,I,,I,I,I,,,,I,I,,,I,,I,I,I,,,I,I,I,I,I,,I,,,,,I,,I,,I,,,,I,,I,I,null,,I,I,!,I,,I,I,I,I,I,,I,!,,,I,!,I,I,I,I,I,,,I,,I,I,I,I,I,I,,I,I,I,I,I,I,I,Y,I,,,I,I,I,I,,I,I,I,I,,,C,I,I,I,,I,!,,I,I,I,I,,I,Y,,I,,,,I,,I,I,I,I
DICLOFENAC,,,,,I,,,,,,,,,,,,,,,,,,,,,I,,,,I,,,,,I,,,,,,,,,,,,,,,,,,,,,,null,,,,,,,I,,,,,,,,,,,,,,,,,,,,,,,,,,,,,,,,,,,,,,,,,,,,,,,,,,,,I,,,,,,,,,,,,,,,,,,,,,,I
DIGOSSINA,SI + C,,,,I,,C,Y,,Y,,Y,,I,,I,Y,C,I,,,I,I,Y,,C,,Y,Y,I,,,Y,Y,I,Y,,Y,Y,Y,Y,Y,,Y,Y,Y,,Y,,,,Y,,Y,,I,,null,Y,!,Y,,C,I,Y,C,I,Y,Y,Y,,Y,I,,I,C,Y,Y,Y,Y,Y,I,Y,C,Y,C,C,C,Y,C,Y,Y,Y,Y,Y,Y,Y,Y,Y,,,Y,Y,Y,C,,Y,Y,C,!,Y,,,Y,Y,I,Y,C,Y,,C,,Y,C,,Y,Y,Y,C,,Y,,I,,Y,Y,C,I
DILTIAZEM CLORIDRATO,SI + C,,,,I,C,I,,,,,Y,Y,C,,I,Y,I,Y,,,I,I,,,Y,,C,,I,Y,,Y,C,Y,Y,I,Y,Y,,Y,,,C,Y,Y,,Y,,,,Y,,C,,I,,Y,null,Y,Y,,I,I,Y,Y,I,,Y,Y,,,Y,,,I,I,Y,I,,Y,I,Y,C,I,Y,C,Y,C,Y,Y,C,I,Y,Y,Y,Y,Y,C,,,Y,Y,Y,C,,C,Y,Y,I,Y,,I,Y,Y,I,,Y,C,I,C,,!,C,,Y,C,Y,C,I,Y,,Y,,Y,Y,I,I
DOBUTAMINA,,CVC,,O,I,C,I,,,I,,C,C,I,I,I,Y,I,C,,,I,I,,,Y,,C,C,I,Y,,I,I,C,I,I,,I,,I,,,C,Y,Y,Y,I,C,,,Y,,I,C,!,,!,Y,null,C,I,I,I,C,Y,I,,C,Y,I,I,Y,C,I,Y,I,C,I,,I,I,C,C,I,Y,Y,C,Y,Y,!,C,C,C,Y,C,I,C,Y,,,C,C,Y,C,,C,I,Y,I,I,,I,I,!,!,,C,Y,,C,,I,C,,Y,Y,,Y,I,,,I,,Y,Y,!,I
DOPAMINA,SI + C,CVC,,O,I,C,I,Y,,I,,Y,C,I,I,I,Y,C,Y,,,I,I,,,Y,,C,Y,I,Y,,C,Y,C,I,I,,C,,Y,,,C,Y,Y,Y,C,C,,,Y,,C,C,I,,Y,Y,C,null,I,!,I,C,!,I,,C,Y,,,Y,C,Y,I,I,C,C,,Y,I,Y,C,C,Y,Y,C,Y,Y,Y,C,C,C,Y,Y,Y,Y,Y,,,C,Y,!,C,,Y,C,Y,!,I,,Y,Y,C,!,,C,Y,,C,,I,C,,Y,Y,,!,I,,,I,,Y,Y,C,I
DROTRECOGIN ALFA ATTIVATO,,,,,I,,,,,,,!,I,,,,,,I,,,,I,,,I,,,,I,,,,,I,,,,I,,Y,,,I,I,Y,,I,,,,,,,,,,,,I,I,null,I,I,,,,,,,,,Y,,,I,,I,,,I,I,,,,,I,,,,I,,,,,I,I,,,,,Y,I,I,,,,,,,,,I,,Y,I,,I,,,,,,C,,,,I,,,I,,,,I,Y,C,I
EPARINA SODICA,,,,,I,C,Y,C,Y,I,C,C,,I,I,C,I,C,I,,,!,!,,,I,,I,C,I,Y,Y,I,!,I,C,C,C,Y,,Y,Y,C,C,I,I,I,C,C,,C,Y,Y,Y,,I,,C,I,I,!,I,null,I,!,!,I,C,Y,C,Y,Y,C,C,Y,!,C,I,C,,Y,I,C,I,C,I,I,C,Y,Y,C,C,I,C,C,Y,Y,Y,C,C,,C,C,C,C,I,!,Y,C,Y,Y,C,Y,C,C,!,,C,Y,,C,,C,C,,C,Y,Y,Y,Y,I,C,I,,I,Y,C,I
EPOPROSTENOLO SODICO,,,,,I,I,I,I,I,I,I,I,I,I,I,I,I,I,I,I,I,I,I,I,I,I,I,I,I,I,I,I,I,I,I,I,I,I,I,I,I,I,I,I,I,I,I,I,I,I,I,I,I,I,,I,I,I,I,I,I,I,I,null,I,I,I,I,I,I,I,I,I,I,I,I,I,I,I,I,I,I,I,I,I,I,I,I,I,I,I,I,I,I,I,I,I,I,I,I,I,I,I,I,I,I,I,I,I,I,I,I,I,I,I,I,I,I,I,I,I,I,I,I,I,I,I,I,I,I,I,I,I,I,I,I,I,I
ERITROMICINA,,CVC+C,>= 10mg/ml ,O,I,I,Y,Y,,I,,C,,I,,I,C,C,Y,,,I,I,,,C,,,C,I,,,C,C,C,I,I,,I,,,,Y,C,Y,,,I,,,I,Y,,I,,I,,Y,Y,C,C,,!,I,null,Y,I,,C,C,,,Y,,Y,I,I,C,C,,,Y,,,I,Y,C,C,I,Y,I,,C,C,I,C,Y,Y,C,,,C,C,I,C,,C,C,C,,C,,C,C,I,C,,C,,,I,,C,C,,C,C,,C,I,,,I,,C,C,C,I
ESMOLOLO,SI + C,CVC+C,non diluito 10mg/ml ,,I,C,I,,,,,Y,,I,,C,Y,C,C,,,I,I,,,C,,C,Y,I,,,C,Y,C,Y,,,Y,Y,Y,,,C,,Y,,Y,,,,Y,,I,,I,,C,Y,Y,!,,!,I,Y,null,I,,C,C,,,Y,,,I,I,Y,I,,Y,C,Y,C,I,C,C,C,Y,C,C,,I,C,Y,Y,Y,Y,Y,,,Y,Y,Y,C,I,C,I,Y,I,Y,,C,Y,Y,!,,Y,Y,,C,,I,C,,Y,Y,,C,I,Y,,I,,Y,Y,Y,I
FENITOINA SODICA,SI + C,CVC,,O,I,,I,I,,,,I,,I,,I,I,I,,,,I,I,,,I,,I,I,I,,,I,I,I,I,I,,I,,,,,I,I,,I,I,,,,,,I,,I,,I,I,I,I,,I,I,I,I,null,I,I,I,I,I,I,,Y,I,I,I,I,I,,I,I,I,I,I,I,I,I,I,I,,I,I,I,I,I,I,I,,,I,I,I,I,,I,I,I,I,I,,I,I,I,I,,I,,,I,,I,C,,I,I,,I,I,,,I,,I,I,I,I
FENOBARBITAL,,,,,I,,,,,,,,,,,I,C,C,,,,,,,,I,,,,I,,,C,C,I,,,,,,,,,,,,,I,,,C,,,,,,,Y,,,,,C,I,,,I,null,,,,,,,,,,,I,I,,I,!,I,,,Y,,Y,,,C,,,,,,I,,,,,I,,,,,,I,,I,,,,,Y,,Y,,,I,,C,C,,I,Y,,,C,,,,,I,,I,I
FENOLDOPAM MESILATO,,,,,I,,I,,,,,Y,,C,,C,C,I,C,,,I,C,,,C,,C,C,C,,,C,C,C,C,Y,,C,,Y,,,C,C,C,,Y,,,,,,I,,I,,Y,Y,C,C,,Y,I,C,C,I,,null,C,,,C,,,I,I,C,C,,,C,Y,,I,C,Y,C,Y,C,C,Y,I,C,C,Y,C,,C,,,C,C,C,C,,C,,C,I,,,C,C,C,Y,,Y,C,,Y,,I,C,,C,C,,C,I,,,Y,,Y,C,Y,I
FENTANIL CITRATO,,,,,I,C,C,Y,,Y,,C,,I,,Y,Y,Y,C,,,I,I,,,Y,,C,C,I,,,Y,I,C,C,,,C,,Y,,,C,Y,C,,C,C,,,Y,,C,C,!,,Y,Y,Y,Y,,C,I,C,C,I,,C,null,,,Y,,,C,C,C,Y,C,Y,Y,Y,C,Y,C,Y,C,Y,C,Y,,Y,C,Y,Y,C,C,I,,,Y,Y,Y,C,I,C,C,Y,I,,,C,C,Y,!,,C,Y,,C,,C,C,,Y,Y,,C,I,,,I,,Y,Y,Y,I
FISOSTIGMINA SALICILATO,,,,,I,,,Y,,,,Y,,,,,C,,,,,Y,,,,I,,,,I,,,,,I,,,,,,,,,,,,,,,,,,,,,,,,,I,,,Y,I,,,I,,,,null,,,,,,,,Y,,,,,,,,,,,,,,,,,,,,,,,,,,,,,,,,,,,,Y,I,,I,,,,,C,C,,,,,,,,,,,,,,I
FITOMENADIONE (VIT. K),,,,,I,,,,,,,Y,,,,,C,,,,,Y,,,,I,,,,I,,,,,I,,,,,,,I,,,,,,,,,,,,,,,,Y,,I,,,Y,I,,,I,,,,,null,,,,,,,Y,,,,,,,,,,,,,,,,,,,,,,,,,,,,,,,,,,,,Y,I,,I,,,,,,,,,,,,,,,,,,,Y,I
FLUCONAZOLO,,,,,I,,C,,,,,Y,,I,,I,C,Y,Y,,,I,!,,,C,,C,C,I,Y,,C,I,C,C,Y,Y,I,,I,,,C,C,Y,,I,,,,Y,,Y,,I,,I,Y,Y,Y,Y,C,I,Y,Y,I,,C,Y,,,null,,Y,I,Y,C,Y,I,I,Y,Y,,C,Y,C,Y,Y,Y,Y,C,C,Y,Y,C,Y,C,Y,,,Y,Y,Y,C,,C,Y,Y,I,Y,,Y,I,C,!,,C,Y,,C,,Y,C,,C,Y,I,C,,Y,,I,,Y,Y,Y,I
FLUMAZENIL,,,,,I,,,,,,,,,,,,,C,,,,,,,,I,,,,I,,,,,I,,,,,,,,,,,,,,,,,,,,,!,,,,C,C,,C,I,,,,,,,,,,null,,,,,,,,,,,,,,C,,I,,,,,,,I,,,,,,,,,,,,,,,,,,,I,,C,,,,,,C,,,,,,,,,,,,,,I
FOSCARNET SODICO,,,,,I,,I,,,,,,,I,,I,Y,Y,,,,Y,,,,I,,,,I,Y,,I,I,I,Y,,Y,Y,Y,Y,,,,,,,Y,,,,,,Y,,I,,I,,I,Y,,Y,I,Y,,Y,,,,,,Y,,null,Y,Y,Y,Y,Y,Y,,,,,,,,,!,I,,,Y,Y,,I,Y,,,,,,,,,,Y,,,Y,,,Y,C,I,,Y,,,,,,C,,,,Y,,,Y,,!,,!,,,I
FUROSEMIDE,SI + C,CVC+C,non diluito 10mg/ml,,I,C,C,Y,,I,,C,Y,I,,Y,C,C,I,,,I,I,I,,Y,,I,C,I,Y,,C,C,I,C,Y,,Y,,Y,,C,C,I,I,I,C,,,,Y,,C,,I,,C,I,Y,I,I,!,I,I,I,I,,I,C,,,I,,Y,null,C,I,C,,Y,I,I,I,C,I,I,C,Y,C,I,C,C,I,C,Y,I,I,C,,C,I,I,C,C,I,I,C,I,!,C,,Y,Y,C,!,,C,!,,I,,C,C,,Y,Y,,C,I,C,,I,,I,I,I,I
GANCICLOVIR,,CVC,,O,I,,,,,,,I,,I,,Y,I,I,,,,I,I,,,C,,I,C,I,I,,I,C,C,I,I,,I,,,,Y,C,,I,,I,,,,I,,C,,I,,Y,I,I,I,,C,I,I,I,I,,I,C,,,Y,,Y,C,null,I,I,,,C,,,I,C,I,I,Y,C,I,,I,I,C,I,I,,C,,,C,I,C,C,,I,I,C,C,,,I,I,I,Y,,C,Y,,C,,I,C,,I,C,,C,,,,I,,I,C,I,I
GENTAMICINA SOLFATO,,,,,I,I,I,Y,,I,,C,,I,,I,Y,C,Y,,I,I,I,,,C,,C,C,I,C,,C,C,C,C,C,C,!,,I,,Y,C,C,C,Y,C,,,,Y,,I,,I,,Y,Y,C,C,I,I,I,C,Y,I,,C,C,,,C,,Y,I,I,null,I,,I,I,Y,C,C,Y,Y,C,C,Y,Y,C,C,C,Y,C,Y,Y,Y,,,C,Y,Y,C,,Y,I,Y,!,,,!,!,C,I,,C,Y,,C,,C,C,,C,Y,I,C,,,,I,,Y,Y,C,I
IDROCORTISONE EMIS. SODICO,SI + C,,,,I,,Y,C,Y,,,Y,,I,,Y,C,Y,,,I,I,I,,,Y,,Y,Y,I,Y,Y,!,I,C,C,Y,,C,,,Y,,C,I,Y,,C,,,I,,,Y,,I,,Y,I,I,C,,C,I,C,I,I,I,C,Y,Y,Y,Y,,Y,C,I,I,null,,,Y,Y,C,C,I,C,C,Y,Y,I,,I,C,C,C,I,Y,C,Y,,C,I,C,C,,Y,Y,C,!,C,,Y,C,I,!,,C,Y,,I,,C,C,,Y,C,,C,I,,,I,,I,C,C,I
IDROXIZINA DICLORIDRATO,,,,,I,,,,,,,,,I,,I,,I,,,,,,,,I,,,C,I,Y,,,,I,,I,,,,,,C,,Y,,,,,,,,,,,,,Y,,,,,,I,,,I,I,,C,,,I,,Y,,,,,null,,,,,I,,,C,Y,,,,,C,,,C,C,,,,,,,,,Y,,,,I,,I,,,,,I,,,,,,,,,Y,,,,,,,,,,Y,I
IMIPENEM/CILASTATINA,,,,,I,,Y,,,,,Y,,,,I,I,,I,,,,,,,I,,,,I,Y,,I,I,I,,Y,,,,I,,,,,Y,,,,,,Y,,,,,,Y,Y,I,Y,I,Y,I,,Y,,,,Y,,,I,,Y,Y,,I,,,null,Y,Y,,,Y,,Y,Y,I,Y,,,,Y,Y,I,Y,Y,,,Y,Y,I,,,Y,,,,,,,,Y,Y,,Y,Y,,,,I,C,,,Y,,,,,,,,Y,Y,Y,I
INSULINA UMANA,SI + C,,,,I,,C,,,C,,I,,I,,,I,C,I,,,I,!,,,C,,I,Y,I,Y,,Y,Y,C,Y,Y,,Y,,Y,,,I,Y,C,,C,,,,I,,C,,I,,I,I,I,I,I,I,I,Y,C,I,I,C,Y,,,Y,,,I,C,I,Y,,Y,null,I,I,C,I,!,C,C,C,C,C,C,C,Y,Y,!,Y,Y,,,Y,I,Y,C,I,I,C,C,!,I,,I,C,Y,,,I,C,,I,I,Y,C,,I,Y,Y,C,I,Y,,I,,Y,I,C,I
ISOPRENALINA CLORIDRATO,,,,,I,,,C,,,,Y,,,,I,Y,I,Y,,,,,,,I,,C,Y,I,,,C,Y,I,,,,,,Y,,,,,Y,Y,,Y,,,C,,,,,,Y,Y,C,Y,,C,I,,Y,I,!,Y,Y,,,Y,,,I,,Y,Y,,Y,I,null,,,Y,Y,!,,,C,,,,Y,Y,Y,Y,Y,,,Y,Y,Y,,,,,Y,!,,,,,C,Y,,C,Y,,,,I,C,,C,Y,,,,,,,,Y,Y,C,I
KETAMINA,SI + C,,,,I,C,I,,,,,C,C,C,,,C,I,C,,,I,,,,C,,,C,I,,,,C,I,C,Y,,C,,,,,I,,C,,C,Y,,,C,,I,,I,,C,C,C,C,,I,I,,C,I,I,,C,,,,,,I,,C,C,,,I,,null,,C,,C,,I,C,I,I,C,C,C,C,C,C,,,I,C,C,C,,,,C,C,,,C,!,C,!,,C,,,,I,I,C,,,C,,,I,,,I,,C,C,C,I
KETOROLAC TROMETAMINA,SI + C,,,,I,,I,,,,,C,,I,,C,C,C,,,,I,I,,,C,,C,C,I,,,I,,I,C,,,C,,,,,C,,!,,C,C,,,C,,C,,I,,Y,I,I,C,,C,I,I,I,I,,I,Y,,,C,,,C,I,C,C,I,,C,,,null,I,I,C,C,C,C,,C,C,C,C,I,I,C,,,C,C,C,C,,,C,C,C,I,,C,C,C,I,,C,Y,,I,,C,C,,C,C,,C,,,,I,,I,C,Y,I
LABETALOLO CLORIDRATO,SI + C,,,,I,C,I,,,,,C,,I,,I,Y,Y,C,,,I,I,,,C,,C,C,I,,,Y,C,C,I,,,Y,Y,I,,,C,,C,,!,C,,,Y,,Y,,I,,C,Y,Y,Y,,I,I,Y,C,I,,C,C,,,Y,,,I,C,Y,I,,Y,I,Y,C,I,null,C,Y,Y,C,C,,C,C,Y,Y,Y,Y,Y,,,Y,Y,Y,C,I,C,Y,C,I,Y,,I,I,Y,!,,Y,C,,C,,I,C,,C,C,,C,I,Y,,I,,Y,Y,Y,I
LEVOFLOXACINA,SI + C,,,,I,,I,,,,,Y,,C,,I,Y,Y,I,,,Y,C,,,C,,C,,I,,,,C,C,I,C,,C,,,,,C,,C,,Y,,,,,Y,Y,,I,,C,C,Y,Y,I,I,I,C,C,I,Y,Y,Y,,,C,,,I,I,Y,C,,,!,Y,,I,C,null,Y,C,I,I,,C,Y,,C,C,Y,C,,,I,,I,C,,C,Y,Y,I,Y,,I,I,C,I,,C,C,,C,,Y,C,,C,C,,C,I,,,C,,Y,C,C,I
LIDOCAINA CLORIDRATO,,,,,I,C,I,C,,Y,,C,,I,C,!,Y,C,C,,,I,I,,,Y,,C,Y,I,,,C,C,I,!,,,C,,!,,,C,Y,Y,Y,C,C,,,Y,,C,,I,,C,Y,C,C,,C,I,C,C,I,,C,C,,,Y,C,,C,I,C,C,C,Y,C,!,C,C,Y,Y,null,Y,C,Y,,C,C,I,Y,Y,C,Y,,,Y,!,Y,C,,C,C,C,I,C,,C,C,C,!,,C,Y,,C,,C,C,,Y,Y,,C,I,,,I,,Y,Y,C,I
LINEZOLID,SI + C,,,,I,,Y,,,,,C,,Y,,C,Y,Y,C,,,Y,Y,,,C,,C,,I,C,,C,Y,C,C,C,Y,C,Y,!,,Y,Y,Y,Y,,Y,,,,,,Y,,I,,Y,C,Y,Y,,Y,I,I,Y,I,Y,Y,Y,,,Y,,,Y,Y,C,Y,Y,Y,C,,,C,Y,C,Y,null,Y,Y,Y,Y,Y,C,Y,Y,Y,Y,,,Y,C,C,C,,Y,,C,I,,,Y,C,Y,I,,Y,Y,,C,,Y,C,,C,Y,,C,I,Y,,Y,,Y,Y,Y,I
LORAZEPAM,,CVC,,,I,C,Y,,,,,C,Y,Y,,I,Y,Y,C,,C,I,I,,,C,,Y,,I,I,,C,C,I,C,Y,,C,,,,Y,C,Y,C,,C,Y,,,,,Y,,,,C,Y,Y,Y,,Y,I,Y,C,I,,C,C,,,Y,I,!,C,C,Y,Y,,I,C,,I,C,C,I,C,Y,null,C,C,C,!,C,Y,Y,Y,C,,,Y,Y,C,C,I,I,,Y,I,,,Y,Y,Y,!,,Y,Y,,I,I,C,C,,C,I,,C,I,,,Y,,Y,C,C,I
MAGNESIO SOLFATO,,,,,I,C,Y,Y,,I,,Y,,I,,I,Y,I,I,,,I,I,,,C,,C,Y,I,Y,,I,C,C,I,I,Y,C,,I,,,I,I,C,,!,C,,,Y,,I,,I,,Y,Y,!,Y,I,C,I,I,C,I,,C,Y,,,Y,,I,I,I,Y,I,,Y,C,C,C,C,C,I,Y,Y,C,null,C,I,C,Y,Y,Y,Y,I,,,C,C,C,C,,Y,I,C,!,C,,Y,Y,Y,Y,,C,Y,,C,,C,C,,Y,Y,Y,C,,Y,,I,,I,I,C,I
MEROPENEM,,,,,I,,I,,,,,,,,,I,I,C,,,I,,,,,C,Y,,C,I,,,,I,C,,,,,,I,,,C,,,,,,,,I,,C,,I,,Y,C,C,C,,C,I,,,,C,Y,,,,C,,,C,,C,,,,C,,I,,,,,Y,C,C,null,,C,,!,,C,,,,,C,,C,,I,,C,I,,,,,Y,I,,C,C,,C,,!,C,,,,,C,,,,,,C,Y,C,I
METILPREDNISOLONE,,,,,I,,Y,!,,C,,C,,I,,Y,C,C,Y,,,,I,,,C,,C,C,I,Y,,I,I,I,C,Y,,C,,,,Y,C,I,I,,C,,,,C,,C,,I,,Y,I,C,C,,I,I,C,I,I,,I,Y,,,C,,,C,I,C,I,,,C,,I,C,C,C,C,Y,C,I,,null,C,C,Y,I,I,C,,,C,C,C,C,,I,,C,I,C,,Y,Y,I,I,,C,Y,,I,,Y,!,,C,C,!,I,I,,,I,,C,C,C,I
METOCLOPRAMIDE CLORIDRATO,SI + C,,,,I,,I,C,,,,C,,I,,I,C,C,,,,I,I,,,C,,C,C,I,Y,,C,C,C,!,I,,C,,,,C,C,Y,Y,C,C,,,,C,,C,,I,,Y,Y,C,C,,C,I,C,C,I,,C,C,,,Y,,Y,I,I,C,C,C,,C,,C,C,C,Y,C,Y,!,C,C,C,null,C,C,C,C,C,,,C,C,C,C,,C,C,C,!,I,,Y,Y,C,I,,C,Y,,C,,C,C,,C,C,,C,,,,I,,C,C,C,I
METOPROLOLO TARTRATO,,,,,I,C,C,,,,,Y,,I,Y,C,Y,C,C,,,I,I,,,Y,,C,Y,I,,,I,I,C,C,,,C,,Y,,,C,,C,,C,,,,Y,,C,,I,,Y,Y,Y,Y,,C,I,I,Y,I,,C,Y,,,Y,,Y,C,C,Y,C,,Y,Y,Y,C,C,Y,,I,C,C,Y,,C,C,null,Y,Y,Y,Y,,,I,Y,C,C,,C,C,C,I,,,C,C,Y,I,,Y,,,C,,Y,C,,Y,Y,,C,C,,,I,,Y,Y,Y,I
METRONIDAZOLO,SI + C,,,,I,,Y,,,,,Y,,C,,I,C,C,Y,,I,C,C,Y,,C,,C,,I,I,,C,Y,I,C,Y,C,C,C,!,,Y,C,I,Y,Y,C,,,,I,,C,,I,,Y,Y,C,Y,I,Y,I,C,Y,I,,Y,Y,,,C,,,Y,I,C,C,,Y,Y,Y,C,C,Y,C,Y,Y,Y,Y,!,Y,C,Y,null,Y,Y,Y,,,Y,Y,Y,C,,C,,C,I,C,,Y,Y,Y,I,,Y,Y,,C,,Y,C,,C,Y,,C,C,C,,C,,Y,Y,C,I
MIDAZOLAM,SI + C,CVC+C,non diluito 5mg/ml ,O,I,C,I,,,,,Y,I,!,,I,Y,I,Y,,I,I,I,,,Y,,C,C,I,,,Y,Y,C,Y,I,,I,,Y,,,C,Y,Y,,Y,I,,,Y,,I,C,I,,Y,Y,I,Y,I,Y,I,Y,Y,I,,C,C,,,Y,I,I,I,I,Y,I,C,I,!,Y,C,I,Y,C,Y,Y,Y,Y,,I,C,Y,Y,null,C,Y,,,Y,Y,Y,C,I,C,C,I,I,,,I,Y,Y,!,,!,Y,,C,,I,C,,C,C,,C,C,Y,,I,,Y,Y,Y,I
MORFINA CLORIDRATO,SI + C,,,,I,,!,Y,,Y,,Y,,!,I,I,Y,Y,Y,,,Y,Y,,,Y,Y,C,C,I,Y,,Y,Y,I,Y,I,Y,Y,Y,Y,,Y,,Y,Y,,C,C,,,Y,,I,C,Y,,Y,Y,C,Y,,Y,I,Y,Y,I,I,,C,,,C,,Y,I,,Y,Y,C,Y,Y,Y,C,I,Y,Y,C,Y,Y,Y,C,I,C,Y,Y,C,null,,I,,Y,Y,Y,,,C,Y,Y,!,Y,,Y,Y,Y,!,,C,Y,,,Y,I,C,,C,C,Y,,I,Y,,Y,,Y,Y,C,I
NALOXONE CLORIDRATO,SI + C,,,,I,,C,,,,,Y,,I,,I,Y,C,,,,I,I,,,C,,C,C,I,,,Y,Y,C,C,,,C,,Y,,,C,,,,,,,,Y,,C,,I,,Y,C,Y,Y,,C,I,C,Y,I,,C,I,,,Y,,,C,C,Y,C,,Y,Y,Y,C,C,Y,C,Y,Y,C,I,,C,C,Y,Y,Y,,null,,,Y,Y,Y,C,,C,C,C,I,,,C,C,Y,!,,Y,I,,C,,Y,C,,C,!,,C,,,,I,,Y,Y,C,I
NEOSTIGMINA METILSOLFATO,,,,,I,,,Y,,,,,,,,,,,,,,,,,,I,,,,I,,,,,I,,,,,,,,,,,,,,,,,,,,,,,,,,,,C,I,,,,,,,,,,,,,,,Y,,,,,,,,,,,,,,,,,,,I,,null,,,,,,,C,,C,,,,,,Y,I,,,,,,,,C,,,,,,C,,,,,,,,I
NIMODIPINA,SI + C + S,CVC,,O,I,,,,,,,,Y,,,,,,C,,,,,,,I,,,,I,,,,,I,,,,,,,,,,,,,,,,,,,,,,,,,,,,,I,,,,,,,,,,,,C,,,,,,,,,,,,,,,,,,,,,,,,,null,C,C,,,,,,,,,,,,,I,,,,,,,,C,,,,,,,,,,,,,,I
NITROGLICERINA,,,,,I,!,C,,,I,,Y,,I,I,Y,Y,C,Y,,,I,I,,,Y,,Y,C,I,,,C,C,C,C,,,C,,Y,,,C,Y,Y,,C,C,,,I,,C,,I,,Y,Y,C,C,Y,C,I,C,Y,I,,C,Y,,,Y,,,I,C,C,C,,Y,Y,Y,I,C,Y,I,Y,Y,Y,C,,C,C,I,Y,Y,Y,Y,,C,null,Y,Y,C,I,C,C,Y,!,,,C,C,C,!,,Y,Y,,C,I,Y,!,,C,Y,,C,Y,,,I,,Y,Y,C,I
NORADRENALINA TARTRATO,SI + C,CVC,,,I,C,,C,,,,Y,,I,,,C,I,Y,,,I,I,,,Y,,C,C,I,,,I,I,C,C,,,C,,Y,,,C,,Y,,C,C,I,,C,,C,C,I,,Y,Y,C,Y,I,C,I,C,Y,I,I,C,Y,,,Y,,,I,I,Y,I,,Y,I,Y,C,C,Y,,!,C,Y,C,C,C,C,Y,Y,Y,Y,Y,,C,Y,null,C,C,I,C,C,,I,,,C,C,C,!,,Y,Y,,C,,I,!,,C,Y,,C,I,,,I,,Y,Y,C,I
Na NITROPRUSSIATO ANIDRO,SI + C + S,,,,I,!,I,,,,,C,,!,,C,Y,C,I,,,I,I,,,Y,,I,Y,I,,,I,Y,I,C,,,I,,Y,,,C,,I,,C,,,,Y,,C,,I,,Y,Y,Y,!,I,C,I,I,Y,I,,C,Y,,,Y,,,C,C,Y,C,,I,Y,Y,C,C,Y,I,Y,C,C,C,,C,C,C,Y,Y,Y,Y,,,Y,C,null,C,I,C,C,Y,!,,,C,C,Y,I,,C,C,,C,I,Y,!,,Y,Y,,,I,,,I,,Y,Y,C,I
OCTREOTIDE,,,,,I,C,C,,,,,C,,C,,C,C,C,C,,,C,C,,,C,,C,,C,,,C,C,C,C,C,,C,,,,,C,C,C,,C,,,,,,C,,I,,C,C,C,C,,C,I,C,C,I,,C,C,,,C,,,C,C,C,C,,,C,,C,C,C,C,C,C,C,C,C,C,C,C,C,C,,C,,,C,C,C,null,,C,,C,I,,,C,C,C,I,,Y,C,,C,Y,C,C,,C,Y,,C,C,,,C,,C,C,C,I
OMEPRAZOLO,,,,,I,C,,,,,,I,,,,,,,,,,,,,,I,,,,I,,,,,I,,,,,,,,,,,,,,,,,,,,,,,,,,,,I,I,,I,,,,I,,,,,,I,,,,,,I,,,,I,,,,I,,,,,,,I,,,,,I,I,I,,null,,,,,,,,,,I,,,I,,I,,,C,,,,,I,,,,,,I,,,I
ONDANSETRONE CLORIDRATO,,,,,I,,I,,,,,C,,I,,I,Y,I,,,,I,I,,,C,,C,C,C,Y,,C,C,C,Y,I,Y,I,Y,,,Y,C,C,Y,,Y,,,,C,,C,,I,,Y,C,C,Y,,!,I,C,C,I,,C,C,,,C,,,I,I,Y,Y,Y,Y,I,,,,C,C,C,Y,I,Y,I,I,C,C,C,C,C,C,C,,C,C,C,C,,null,C,C,I,,,Y,I,Y,C,,C,Y,,C,,I,C,,C,C,Y,C,I,,,I,,Y,C,Y,I
OXACILLINA,,,,,I,,Y,Y,,,I,C,,I,,,I,C,,,,C,I,,,I,,C,C,I,,,I,I,I,C,,,C,,,,Y,C,,,,C,,,,C,,C,,I,,Y,Y,I,C,,Y,I,C,I,I,,,C,,,Y,,Y,C,I,I,Y,,,C,,,C,Y,Y,C,,,I,,,C,C,,C,Y,C,,,C,C,C,,,C,null,,,,,,C,C,I,I,C,,,,,I,Y,,I,C,,,I,,,I,,C,C,I,I
PANCURONIO BROMURO,,,,,I,,C,,,,,Y,,C,,C,C,Y,C,,,C,C,,,C,,,,I,,,C,C,I,Y,C,,C,,,,,C,C,,,C,,,,,,C,C,I,,C,Y,Y,Y,,C,I,C,Y,I,I,C,Y,,,Y,,,I,C,Y,C,,,C,Y,C,C,C,Y,C,C,Y,C,C,C,C,C,C,I,Y,C,C,,Y,,Y,C,,C,,null,I,,,C,C,C,I,,Y,C,,,I,C,C,,C,C,,C,I,,,Y,,Y,,C,I
PANTOPRAZOLO SODICO,SI + C,,,,I,C,!,,,,,!,,I,,,!,C,I,,C,C,C,,,C,,I,I,C,,,I,Y,I,!,I,,!,,Y,,,!,I,I,,!,,,,,,I,,I,,!,I,I,!,,Y,I,,I,I,,I,I,,,I,,,!,C,!,!,,,!,!,C,C,I,I,I,I,I,!,I,I,!,I,I,I,!,I,,,!,I,!,I,,I,,I,null,,,!,C,Y,I,,I,I,,I,I,!,C,,C,C,,C,!,,,C,,I,Y,I,I
PENICILLINA G POTASSICA,,,,,I,,Y,!,,,I,,,,,I,!,I,Y,,,,,,,I,,,,I,,,C,C,I,,,,,,,,Y,,,,,C,,,C,,,,,,,Y,Y,I,I,,Y,I,C,Y,I,I,,,,,Y,,Y,C,,,C,I,,I,,,I,Y,Y,C,,,C,,C,I,,C,,Y,,,,,,,,,,,,,null,,,,C,I,I,C,,,,,!,C,,,,,,I,,,,,I,C,,I
PENTOXIFILLINA,,,,,I,,,,,,,,,,,,,,,,,,,,,I,,,,I,,,,,I,,,,,,,,,,,,,,,,,,,,,,,,,,,,C,I,,,,,,,,,,,,,,,,,,,,,,,,,,,,,,,,,,,,,,,,,,,,,,,,null,,,,I,,,,,,,,,,,,,,,,,,,,,,I
PIPERACILLINA /TAZOBACTAM,,,,,I,I,I,,,,I,C,,I,,C,!,Y,I,,,,,,,C,,,,I,Y,,Y,Y,I,,Y,,,,,,Y,C,!,I,,Y,,,,,,Y,,C,,,I,I,Y,I,Y,I,C,C,I,,C,C,,,Y,,,Y,I,!,Y,I,,I,,C,C,I,I,C,Y,Y,Y,,Y,Y,C,Y,I,Y,C,,,C,C,C,C,,Y,,C,!,,,null,C,Y,I,I,Y,Y,,I,I,!,C,,C,C,,C,I,I,,Y,,I,C,I,I
PIPERACILLINA SODICA,,,,,I,,Y,,,,I,C,,I,,C,!,Y,I,,,I,I,,,I,,C,C,I,Y,,Y,Y,I,C,Y,,C,,,,Y,C,!,I,,C,,,,C,,Y,,I,,Y,Y,I,Y,,C,I,C,Y,I,,C,C,,,I,,Y,Y,I,!,C,,,C,,!,C,I,I,C,C,Y,Y,,Y,Y,C,Y,Y,Y,C,,,C,C,C,C,,I,C,C,C,,,C,null,C,Y,I,Y,Y,,I,I,!,C,,C,C,,,,I,,I,,I,C,C,I
POTASSIO CLORURO,,CVC+C,">= 0,5mmMoLi/ml ",O,I,!,Y,C,Y,C,,Y,Y,I,,C,C,C,C,,Y,I,I,,,C,,C,Y,I,Y,Y,C,C,C,C,C,,C,,Y,Y,,C,C,Y,Y,C,C,,,Y,,Y,,I,,Y,Y,!,C,Y,C,I,I,Y,I,,C,Y,Y,Y,C,,C,C,I,C,I,,Y,Y,C,C,C,Y,C,C,Y,Y,Y,Y,I,C,Y,Y,Y,Y,Y,Y,,C,C,Y,C,,Y,C,C,Y,C,,Y,C,null,!,,C,Y,,C,Y,C,C,,Y,Y,,C,I,,,I,,C,Y,C,!
PROPOFOL,SI + C,CVC,2%,,I,I,Y,!,I,I,I,!,I,Y,I,I,I,I,I,I,I,Y,I,I,I,I,I,I,Y,I,Y,I,I,!,I,!,I,Y,I,Y,Y,I,Y,Y,I,I,I,!,I,I,I,I,I,I,,I,I,I,I,!,!,I,!,I,C,!,I,Y,Y,!,I,I,!,I,I,!,Y,I,!,,Y,,Y,!,I,!,I,!,I,!,Y,I,I,I,I,I,!,!,!,I,I,!,!,I,I,I,C,I,I,I,I,I,I,Y,!,null,I,!,!,I,C,I,!,C,I,Y,!,Y,C,C,I,I,I,I,I,I,I,I
PROTAMINA CLORIDRATO,,,,,I,,,,,,,,,,,,,,,I,I,I,I,,,I,,,,I,,,,,I,I,I,I,I,I,I,,,,,,,,,,,,,,,,,Y,,,,,,I,,,,,,,,,,,,,,,,,,,,,,,,,,,,,,,,,,,,,,,,,,,,I,,,I,,I,I,,I,null,C,,,,,,C,,,,I,,,,,,,,,C,I
RANITIDINA CLORIDRATO,SI + C,,,,I,,Y,,I,C,,C,,I,,C,C,C,Y,,,I,I,Y,,C,,Y,C,I,Y,,C,C,I,Y,Y,Y,Y,Y,Y,,Y,C,C,Y,Y,C,,,C,Y,,C,,I,,C,Y,C,C,I,C,I,C,Y,I,Y,Y,C,I,I,C,C,Y,C,C,C,C,I,Y,I,C,C,C,Y,C,C,Y,Y,C,C,C,C,Y,Y,!,C,Y,,,Y,Y,C,Y,,C,C,Y,I,C,,Y,Y,C,!,C,null,Y,,C,,Y,C,,C,Y,C,Y,Y,C,,I,,C,Y,Y,I
REMIFENTANIL CLORIDRATO,,,,,I,C,Y,,,,,Y,,Y,,I,Y,Y,,,,Y,Y,,,C,,,,I,Y,,,Y,C,Y,Y,Y,Y,Y,Y,,,,Y,C,,C,,,,,,Y,,!,,Y,C,Y,Y,,Y,I,,Y,,,C,Y,,,Y,,,!,Y,Y,Y,,Y,C,Y,,Y,C,C,Y,Y,Y,Y,C,Y,Y,,Y,Y,Y,I,,,Y,Y,C,C,I,Y,,C,I,,,Y,Y,Y,!,,Y,null,,C,,Y,C,,,Y,Y,C,Y,Y,,Y,,Y,C,,I
RIFAMPICINA,,,,,I,,,,,,,,,,,,,,,,,,,,,I,,,,I,,,,,I,,,,,,,,,,,,,,,,,,,,,,,,I,,,,,I,,,,,,,,,,,,,,,,,,,,,,,,,,,,,,,,,,,,,,,,,,,,,,,,,,,,I,,,,null,,,,!,,,,,,,,,,,,,,I
ROCURONIO BROMURO,SI + C,,,,I,C,C,,,,,C,,C,,I,C,C,C,I,I,C,C,,,C,,,,C,,,C,C,C,I,C,,C,,,,,,C,,,C,,,,,,I,C,I,,C,C,C,C,,C,I,I,C,I,I,Y,C,,,C,,,I,C,C,I,,,I,,,I,C,C,C,C,I,C,C,I,C,C,C,C,,C,,,C,C,C,C,I,C,,,I,,,I,I,C,C,,C,C,,null,C,C,C,,,C,,C,I,,,I,,I,C,C,I
SALBUTAMOLO,,CVC+C,">= 0,5mg/ml ",,I,,I,,,,,,,,,,I,,,,,I,,,,I,,,,I,,,,,I,,,,,,,,,I,I,,,,,,,,,,,I,,,,,,,,I,,,,,,,,,,,,,,,,,,I,,I,,,,,,I,,,,,,,,Y,,,,I,,I,Y,,,,I,I,,,I,I,Y,I,,,,,C,null,,C,,,,,,,,,,,I,,,I
SODIO BICARBONATO,,CVC+C,"1,4 - 4,2% PVC, 8,4%",,I,C,Y,,,,,I,,I,,I,C,C,I,,I,I,I,,,C,,I,C,I,Y,,I,I,I,C,C,C,!,C,Y,,Y,C,C,I,,C,C,,,Y,,Y,,I,,Y,!,I,I,,C,I,C,I,I,C,I,C,C,,Y,,,C,I,C,C,,I,Y,I,I,C,I,Y,C,Y,C,C,!,Y,C,Y,Y,I,I,Y,,,Y,I,Y,C,,I,I,C,!,!,,!,!,C,!,,Y,Y,,C,,null,C,,I,Y,,C,I,C,,I,,Y,Y,I,I
"SODIO CLORURO 0,9%",,,,,I,,!,,C,C,C,C,C,!,C,I,C,C,I,C,C,C,C,C,,C,,C,C,C,C,,C,C,C,C,C,C,C,C,C,C,C,C,,,C,C,C,,C,C,C,C,C,I,,C,C,C,C,C,C,I,C,C,C,C,C,C,C,,C,C,C,C,C,C,C,,C,C,C,C,C,C,C,C,C,C,C,C,!,C,C,C,C,C,C,C,C,!,!,!,C,C,C,Y,C,C,C,,C,C,C,C,C,C,C,!,C,C,C,null,C,!,!,C,,C,C,,!,,C,C,C,C
SODIO VALPROATO,,,,,I,,,,,,,,,,,,,,,,,,,,,I,,,,I,,,,,I,,Y,,Y,,,,,,,,,,,,,,,,,,,,,,,,,I,,,,,,,,,,,,,,,,,,,,,,,,,,,,,,,,,,,,,,,,,,,,,,,,,,,,I,,,,,,,,C,null,,,,,,,,,,,,,I
SUCCINILCOLINA,,,,,I,,C,Y,,,,Y,,I,,,C,C,,,,I,I,,,C,,C,Y,I,,,Y,C,C,C,,,C,,,,,C,,,,C,,,,C,,C,C,I,,Y,Y,Y,Y,,C,I,C,Y,I,I,C,Y,,,C,,,Y,I,C,Y,,,I,C,,C,C,C,Y,C,C,Y,,C,C,Y,C,C,C,C,,,C,C,Y,C,,C,I,C,C,,,C,C,Y,Y,,C,,,,,I,!,,null,C,,C,I,,,I,,C,Y,Y,I
SUFENTANIL,SI + C,,,,I,,C,,,,,C,,I,,Y,Y,C,,,,I,I,,,C,,C,C,I,,,Y,I,C,C,Y,,C,,Y,,,C,,Y,,C,C,,,Y,,C,,Y,,Y,C,Y,Y,,Y,I,C,Y,I,Y,C,Y,,,Y,,,Y,C,Y,C,Y,Y,Y,Y,C,C,C,C,Y,Y,I,Y,,C,C,Y,Y,C,C,!,,,Y,Y,Y,Y,,C,C,C,C,,,C,C,Y,!,,Y,Y,,C,,Y,!,,C,null,,C,I,,,I,,Y,Y,Y,I
TICARCILLINA/ACIDO CLAVULANICO,,,,,I,,Y,,,,,,,,,I,I,,,,,,,,,I,,,,I,Y,,,,I,,Y,,,,,,Y,,,Y,,,,,,,,,,,,Y,Y,,,I,Y,I,,,,,,,,,I,,Y,,,I,,,,Y,,,,,,,,,Y,,!,,,,,Y,,,,,,,,,Y,,,,,,,,,Y,I,C,Y,,,,,C,,,,null,,,I,,,,!,,C,I
TIGECICLINA,,,,,I,,C,,,,,Y,,C,,C,C,C,I,,,C,C,,,C,,C,,C,,,C,C,C,C,Y,,C,,,,,C,C,C,,C,,,,,,C,,I,,C,C,Y,!,,Y,I,C,C,I,,C,C,,,C,,,C,C,C,C,,,C,,,C,C,C,C,C,C,C,C,I,C,C,C,C,,C,,,C,C,,C,I,C,,C,C,,,C,,C,C,,Y,C,,C,,C,,,C,C,,null,C,,,C,,Y,C,I,I
TIOPENTAL SODICO,,CVC,,,I,I,C,I,,,,I,,,,C,I,I,I,,,I,,,,C,,I,I,I,,,I,I,C,,,,,,,,,,,I,,I,,,,,,,C,,,,I,I,I,,Y,I,I,I,I,C,I,I,,,,,,I,,,I,,,I,,I,,I,I,I,I,I,,,I,,C,C,C,I,,C,,Y,I,I,C,,I,I,I,!,I,,I,,I,C,,Y,Y,,I,,I,C,,I,I,,C,null,,,,,I,C,I,I
TOBRAMICINA,,,,,I,,Y,,,,,,,,,I,,,Y,,,,I,,,I,,,,I,C,,,C,I,,I,C,I,,,,Y,,C,Y,,!,,,,,,,,,,Y,Y,,,I,I,I,,Y,,,,,,,Y,,Y,C,,,,,,Y,,,,Y,,,Y,,Y,,,,,C,Y,Y,,,,,,,,,,,,,,,I,I,,I,,C,Y,,,,C,C,,,,I,,,null,,,,,,C,I
TRAMADOLO CLORIDRATO,,,,,I,,,,,,,,,,,,,,,,,,,,,I,,,,I,,,,,I,,,,,,,,,,,,,,,,,,,,,,,,,,,,C,I,,,,,,,,,,,,,,,,,,,,,,,,,,,,,,,,,,,,,,,,,,,,,,,,,,,,I,,,,,,,,,,,,,,,,null,,,,,,I
TRIMETOPRIM/SULFAMETOXAZOLO,SI + C,CVC+C,non diluito (400+80 mg/ml) ,,I,,Y,,,,,I,,I,,Y,I,I,,,,I,I,,,C,,I,I,I,Y,,C,I,I,I,Y,,I,,,,Y,I,,I,,I,,,,I,,I,,I,,I,Y,I,I,,I,I,I,I,I,,Y,I,,,I,,!,I,I,I,I,,,I,,I,I,I,C,I,Y,Y,I,,I,I,I,C,I,Y,I,,,I,I,I,C,,I,I,Y,C,,,Y,I,I,I,,I,Y,,I,,I,!,,I,I,,C,,,,null,,I,I,I,I
UROCHINASI,,,,,I,,,,,,,,,,,,,,,,,,,,,I,,,,I,,,,,I,,,,,,,,,,,,,,,,,,,,,,,,,,,,,I,,,,,,,,,,,,,,,,,,,,,,,,,,,,,,,,,,,,,,,,,,,,,,,,,,,,I,,,,,,,,,,,,,,,,,,null,,,Y,I
VANCOMICINA CLORIDRATO,,CVC+C,>= 5mg/ml ,,I,I,Y,C,,,,Y,I,I,,I,C,I,Y,,C,I,!,Y,,C,,C,C,I,!,,Y,C,C,I,I,!,I,!,!,,Y,C,I,Y,Y,C,,,,Y,,!,,I,,Y,Y,Y,Y,I,I,I,C,Y,I,I,Y,Y,,,Y,,!,I,I,Y,I,,Y,Y,Y,C,I,Y,Y,Y,Y,Y,I,C,C,C,Y,Y,Y,Y,Y,,,Y,Y,Y,C,I,Y,C,Y,I,I,,I,I,C,I,,C,Y,,I,I,Y,C,,C,Y,!,Y,I,,,I,,null,Y,C,I
VASOPRESSINA,SI + C,CVC,,,I,C,C,,,,,Y,,I,,C,Y,C,Y,,,I,I,,,C,,C,Y,C,,,Y,Y,C,C,C,,C,,Y,,,C,Y,C,,C,,,,Y,,C,,I,,Y,Y,Y,Y,Y,Y,I,C,Y,I,,C,Y,,,Y,,,I,C,Y,C,,Y,I,Y,C,C,Y,C,Y,Y,C,I,Y,C,C,Y,Y,Y,Y,Y,,,Y,Y,Y,C,,C,C,,Y,C,,C,C,Y,I,,Y,C,,C,,Y,C,,Y,Y,,C,C,,,I,,Y,null,C,!
VERAPAMIL CLORIDRATO,SI + C,,,,I,C,I,C,,I,,C,I,I,,I,C,I,C,,,I,I,,,Y,,Y,C,I,Y,,C,C,C,C,,C,I,Y,Y,Y,,Y,Y,C,Y,C,Y,,,C,,C,,I,,C,I,!,C,C,C,I,C,Y,I,I,Y,Y,,Y,Y,,,I,I,C,C,Y,Y,C,C,C,Y,Y,C,C,Y,C,C,C,C,C,Y,C,Y,C,C,,,C,C,C,C,,Y,I,C,I,,,I,C,C,I,C,Y,,,C,,I,C,,Y,Y,C,I,I,C,,I,Y,C,C,null,I
VORICONAZOLO,,,,,I,I,I,I,I,I,I,I,I,I,I,I,I,I,I,I,I,I,I,I,I,I,I,I,I,I,I,I,I,I,I,I,I,I,I,I,I,I,I,I,I,I,I,I,I,I,I,I,I,I,,I,I,I,I,I,I,I,I,I,I,I,I,I,I,I,I,I,I,I,I,I,I,I,I,I,I,I,I,I,I,I,I,I,I,I,I,I,I,I,I,I,I,I,I,I,I,I,I,I,I,I,I,I,I,I,I,I,I,I,!,I,I,I,I,I,I,I,I,C,I,I,I,I,I,I,I,I,I,I,I,!,I,null